id,name,email
209,David Miller,a1g06v@company.co
815,Lisa Brown,nlrhpt@yahoo.com
969,Robert White,t3fljw@company.co
386,Noah Anderson,xtz64v@example.com
445,Robert Williams,pd2n98@gmail.com
427,Sarah Thomas,53a6g0@example.com
167,Maria Taylor,i748iw@gmail.com
162,Noah Jackson,pnvtti@company.co
58,Sophia Thomas,6c4lsl@gmail.com
902,Noah Smith,k4yqrc@yahoo.com
607,Olivia Jones,84fl7c@company.co
730,Emily Williams,s6lll5@hotmail.com
367,Sophia Johnson,v0gr0y@hotmail.com
298,Noah Jackson,fca685@yahoo.com
879,Robert Jackson,iemnpw@company.co
378,Noah Jackson,13dk5j@gmail.com
537,Lisa Johnson,eucbqd@company.co
731,Emma Jackson,w9zogk@hotmail.com
290,Lisa Williams,rm7b2m@hotmail.com
6,Emily Davis,p63ls8@company.co
672,Maria Johnson,9idcnw@yahoo.com